{
    "site": "DRIAMS-A",
    "model": "lr",
    "species": "Escherichia coli",
    "seed": 270,
    "antibiotic": "Cefepime",
    "years": [
        "2015",
        "2016",
        "2017",
        "2018"
    ],
    "n_samples": 3299,
    "metadata_versions": {
        "2015_clean.csv": "d022b7aaae8f97f37ec499a0baa1d6428d83cf53",
        "2016_clean.csv": "b64ae1e31e21b47b929bac6d65809c2e4ef4ad41",
        "2017_clean.csv": "7d468e674a2201d6f03a6d9506069b605b5b50ac",
        "2018_clean.csv": "c5b509ae855e73d5c744f9c89b8747e284e62dd7"
    },
    "train_accuracy": 0.9457411336768717,
    "train_auprc": 0.9538773672319943,
    "train_auroc": 0.9868179649590982,
    "accuracy": 0.8926380368098159,
    "auprc": 0.7146898703529898,
    "auroc": 0.8838183421516755
}