{
    "site": "DRIAMS-A",
    "species": "Staphylococcus epidermidis",
    "seed": 172,
    "antibiotic": "Gentamicin",
    "years": [
        "2015",
        "2016",
        "2017",
        "2018"
    ],
    "n_samples": 1795,
    "accuracy": 0.7349112426035503,
    "auprc": 0.7196444377844975,
    "auroc": 0.7841879856409324,
    "metadata_versions": {
        "2015_clean.csv": "d022b7aaae8f97f37ec499a0baa1d6428d83cf53",
        "2016_clean.csv": "b64ae1e31e21b47b929bac6d65809c2e4ef4ad41",
        "2017_clean.csv": "b4dbecce8033e52e32970c3e8652b9f6c7aa2bee",
        "2018_clean.csv": "fb9d669527d73d55719bf15d544620fbf45f1f2e"
    }
}