{
    "site": "DRIAMS-A",
    "model": "lr",
    "species": "Staphylococcus epidermidis",
    "seed": 188,
    "antibiotic": "Piperacillin-Tazobactam",
    "years": [
        "2015",
        "2016",
        "2017",
        "2018"
    ],
    "n_samples": 19067,
    "metadata_versions": {
        "2015_clean.csv": "d022b7aaae8f97f37ec499a0baa1d6428d83cf53",
        "2016_clean.csv": "b64ae1e31e21b47b929bac6d65809c2e4ef4ad41",
        "2017_clean.csv": "7d468e674a2201d6f03a6d9506069b605b5b50ac",
        "2018_clean.csv": "c5b509ae855e73d5c744f9c89b8747e284e62dd7"
    },
    "train_accuracy": 0.8627996014055699,
    "train_auprc": 0.7495441499459254,
    "train_auroc": 0.883434144599007,
    "accuracy": 0.7652582159624414,
    "auprc": 0.5481761309062699,
    "auroc": 0.21151334760790447
}