{
    "site": "DRIAMS-A",
    "model": "lr",
    "species": "Staphylococcus aureus",
    "seed": 409,
    "antibiotic": "Oxacillin",
    "years": [
        "2015",
        "2016",
        "2017",
        "2018"
    ],
    "n_samples": 5545,
    "metadata_versions": {
        "2015_clean.csv": "d022b7aaae8f97f37ec499a0baa1d6428d83cf53",
        "2016_clean.csv": "b64ae1e31e21b47b929bac6d65809c2e4ef4ad41",
        "2017_clean.csv": "7d468e674a2201d6f03a6d9506069b605b5b50ac",
        "2018_clean.csv": "c5b509ae855e73d5c744f9c89b8747e284e62dd7"
    },
    "train_accuracy": 0.9145175834084761,
    "train_auprc": 0.9658379032428538,
    "train_auroc": 0.97331425333167,
    "accuracy": 0.8614775725593667,
    "auprc": 0.6607761753424729,
    "auroc": 0.8633177701524442
}