{
    "site": "DRIAMS-A",
    "model": "lr",
    "species": "Escherichia coli",
    "seed": 545,
    "antibiotic": "Ceftriaxone",
    "years": [
        "2015",
        "2016",
        "2017",
        "2018"
    ],
    "n_samples": 7807,
    "metadata_versions": {
        "2015_clean.csv": "d022b7aaae8f97f37ec499a0baa1d6428d83cf53",
        "2016_clean.csv": "b64ae1e31e21b47b929bac6d65809c2e4ef4ad41",
        "2017_clean.csv": "7d468e674a2201d6f03a6d9506069b605b5b50ac",
        "2018_clean.csv": "c5b509ae855e73d5c744f9c89b8747e284e62dd7"
    },
    "train_accuracy": 0.8386063788907391,
    "train_auprc": 0.7800807539816036,
    "train_auroc": 0.8902664355689327,
    "accuracy": 0.8225806451612904,
    "auprc": 0.6861230574661483,
    "auroc": 0.8260680838412368
}