{
    "site": "DRIAMS-A",
    "model": "lr",
    "species": "Klebsiella pneumoniae",
    "seed": 344,
    "antibiotic": "Piperacillin-Tazobactam",
    "years": [
        "2015",
        "2016",
        "2017",
        "2018"
    ],
    "n_samples": 7163,
    "metadata_versions": {
        "2015_clean.csv": "d022b7aaae8f97f37ec499a0baa1d6428d83cf53",
        "2016_clean.csv": "b64ae1e31e21b47b929bac6d65809c2e4ef4ad41",
        "2017_clean.csv": "7d468e674a2201d6f03a6d9506069b605b5b50ac",
        "2018_clean.csv": "c5b509ae855e73d5c744f9c89b8747e284e62dd7"
    },
    "train_accuracy": 0.8553678626273907,
    "train_auprc": 0.7330290389559552,
    "train_auroc": 0.8836767669835622,
    "accuracy": 0.8514492753623188,
    "auprc": 0.317740636218088,
    "auroc": 0.6604020864459647
}