{
    "site": "DRIAMS-A",
    "model": "lr",
    "species": "Escherichia coli",
    "seed": 545,
    "antibiotic": "Amoxicillin-Clavulanic acid",
    "years": [
        "2015",
        "2016",
        "2017",
        "2018"
    ],
    "n_samples": 2445,
    "metadata_versions": {
        "2015_clean.csv": "d022b7aaae8f97f37ec499a0baa1d6428d83cf53",
        "2016_clean.csv": "b64ae1e31e21b47b929bac6d65809c2e4ef4ad41",
        "2017_clean.csv": "7d468e674a2201d6f03a6d9506069b605b5b50ac",
        "2018_clean.csv": "c5b509ae855e73d5c744f9c89b8747e284e62dd7"
    },
    "train_accuracy": 0.8932515337423312,
    "train_auprc": 0.9464917086109271,
    "train_auroc": 0.9770527148721784,
    "accuracy": 0.7453416149068323,
    "auprc": 0.40418450622709545,
    "auroc": 0.6611736707685163
}