{
    "site": "DRIAMS-A",
    "species": "Escherichia coli",
    "seed": 480,
    "antibiotic": "Ciprofloxacin",
    "years": [
        "2015",
        "2016",
        "2017",
        "2018"
    ],
    "n_samples": 2582,
    "metadata_versions": {
        "2015_clean.csv": "d022b7aaae8f97f37ec499a0baa1d6428d83cf53",
        "2016_clean.csv": "b64ae1e31e21b47b929bac6d65809c2e4ef4ad41",
        "2017_clean.csv": "b4dbecce8033e52e32970c3e8652b9f6c7aa2bee",
        "2018_clean.csv": "fb9d669527d73d55719bf15d544620fbf45f1f2e"
    },
    "accuracy": 0.7240325865580448,
    "auprc": 0.4984645184543459,
    "auroc": 0.6500839620164754
}